sample_id,metric,direct_author_method,pipeline_readback_method,pipeline_minus_direct,independent_recalculation,minus_independent
test_ID_055,UTS_MPa,277.080919182671,277.080919182671,0.0,277.080919182671,0.0
test_ID_055,E_MPa,63702.735620502084,63702.735620502084,0.0,63702.73562050127,8.149072527885437e-10
test_ID_055,Rp02_MPa,251.9659672796516,251.9659672796516,0.0,251.9659672796517,-8.526512829121202e-14
test_ID_056,UTS_MPa,277.834142238505,277.834142238505,0.0,277.834142238505,0.0
test_ID_056,E_MPa,54345.38412413893,54345.38412413893,0.0,54345.38412413871,2.1827872842550278e-10
test_ID_056,Rp02_MPa,252.88748700843627,252.88748700843627,0.0,252.88748700843635,-8.526512829121202e-14
test_ID_057,UTS_MPa,280.209188306993,280.209188306993,0.0,280.209188306993,0.0
test_ID_057,E_MPa,65257.00479430142,65257.00479430142,0.0,65257.0047943025,-1.076841726899147e-09
test_ID_057,Rp02_MPa,254.02447228513762,254.02447228513762,0.0,254.02447228513756,5.684341886080802e-14
